Area,Delay,Score,Current Run,Episode,Verilog
N/A,N/A,-1,0,0,"//Please finish designing the 16 bit multiplier module (multiplier_16) below.
//There are two 16 bit inputs (A and B) and a 32 bit output (product).
//The module should utilize the inputs (A and B) to determine the output product correctly in its implementation.
module multiplier_16(output [31:0] product, input [15:0] A, B);
	wire [15:0] A_temp, B_temp;
	wire [31:0] product_temp;
	
	assign A_temp = A;
	assign B_temp = B;
	
	multiplier_8 m1(product_temp[15:8], A_temp, B_temp);
	multiplier_8 m2(product_temp[23:16], A_temp, B_temp);
	
	assign product = product_temp;
endmodule

module multiplier_8(output [7:0] product, input [7:0] A, B);
	wire [7:0] A_temp, B_temp;
	wire [15:0] product_temp;
	
	assign A_temp = A;
	assign B_temp = B;
	
	multiplier_4 m1(product_temp[7:4], A_temp, B_temp);
	multiplier_4 m2(product_temp[11:8], A_temp, B_temp);
	
	assign product = product_temp;
endmodule

module multiplier_4(output [3:0] product, input [3:0] A, B);
	wire [3:0] A_temp, B_temp;
	wire [7:0] product_temp;
	
	assign A_temp = A;
	assign B_temp = B;
	
	multiplier_2 m1(product_temp[7:4], A_temp, B_temp);
	multiplier_2 m2(product_temp[11:8], A_temp, B_temp);
	
	assign product = product_temp;
endmodule

module multiplier_2(output [1:0] product, input [1:0] A, B);
	wire [1:0] A_temp, B_temp;
	wire [3:0] product_temp;
	
	assign A_temp = A;
	assign B_temp = B;
	
	multiplier_1 m1(product_temp[3:2], A_temp, B_temp);
	multiplier_1 m2(product_temp[1:0], A_temp, B_temp);
	
	assign product = product_temp;
endmodule

module multiplier_1(output [1:0] product, input [1:0] A, B);
	wire [1:0] A_temp, B_temp;
	wire [4:0] product_temp;
	
	assign A_temp = A;
	assign B_temp = B;
	
	multiplier_4 m1(product_temp[4:2], A_temp, B_temp);
	multiplier_4 m2(product_temp[1:0], A_temp, B_temp);
	
	assign product = product_temp;
endmodule"
N/A,N/A,-1,1,0,"//Please finish designing the 16 bit multiplier module (multiplier_16) below.
//There are two 16 bit inputs (A and B) and a 32 bit output (product).
//The module should utilize the inputs (A and B) to determine the output product correctly in its implementation.
module multiplier_16(output [31:0] product, input [15:0] A, B);
	wire [15:0] A_temp, B_temp;
	wire [31:0] product_temp;
	
	assign A_temp = A;
	assign B_temp = B;
	
	multiplier_8 m1(product_temp[15:8], A_temp, B_temp);
	multiplier_8 m2(product_temp[23:16], A_temp, B_temp);
	
	assign product = product_temp;
endmodule

module multiplier_8(output [7:0] product, input [7:0] A, B);
	wire [7:0] A_temp, B_temp;
	wire [15:0] product_temp;
	
	assign A_temp = A;
	assign B_temp = B;
	
	multiplier_4 m1(product_temp[7:4], A_temp, B_temp);
	multiplier_4 m2(product_temp[11:8], A_temp, B_temp);
	
	assign product = product_temp;
endmodule

module multiplier_4(output [3:0] product, input [3:0] A, B);
	wire [3:0] A_temp, B_temp;
	wire [7:0] product_temp;
	
	assign A_temp = A;
	assign B_temp = B;
	
	multiplier_2 m1(product_temp[7:4], A_temp, B_temp);
	multiplier_2 m2(product_temp[11:8], A_temp, B_temp);
	
	assign product = product_temp;
endmodule

module multiplier_2(output [1:0] product, input [1:0] A, B);
	wire [1:0] A_temp, B_temp;
	wire [3:0] product_temp;
	
	assign A_temp = A;
	assign B_temp = B;
	
	multiplier_1 m1(product_temp[3:2], A_temp, B_temp);
	multiplier_1 m2(product_temp[1:0], A_temp, B_temp);
	
	assign product = product_temp;
endmodule

module multiplier_1(output [1:0] product, input [1:0] A, B);
	wire [1:0] A_temp, B_temp;
	wire [4:0] product_temp;
	
	assign A_temp = A;
	assign B_temp = B;
	
	multiplier_4 m1(product_temp[4:2], A_temp, B_temp);
	multiplier_4 m2(product_temp[1:0], A_temp, B_temp);
	
	assign product = product_temp;
endmodule"
N/A,N/A,-1,2,0,"//Please finish designing the 16 bit multiplier module (multiplier_16) below.
//There are two 16 bit inputs (A and B) and a 32 bit output (product).
//The module should utilize the inputs (A and B) to determine the output product correctly in its implementation.
module multiplier_16(output [31:0] product, input [15:0] A, B);
	wire [15:0] A_temp, B_temp;
	wire [31:0] product_temp;
	
	assign A_temp = A;
	assign B_temp = B;
	
	multiplier_8 m1(product_temp[15:8], A_temp, B_temp);
	multiplier_8 m2(product_temp[23:16], A_temp, B_temp);
	
	assign product = product_temp;
endmodule

module multiplier_8(output [7:0] product, input [7:0] A, B);
	wire [7:0] A_temp, B_temp;
	wire [15:0] product_temp;
	
	assign A_temp = A;
	assign B_temp = B;
	
	multiplier_4 m1(product_temp[7:4], A_temp, B_temp);
	multiplier_4 m2(product_temp[11:8], A_temp, B_temp);
	
	assign product = product_temp;
endmodule

module multiplier_4(output [3:0] product, input [3:0] A, B);
	wire [3:0] A_temp, B_temp;
	wire [7:0] product_temp;
	
	assign A_temp = A;
	assign B_temp = B;
	
	multiplier_2 m1(product_temp[7:4], A_temp, B_temp);
	multiplier_2 m2(product_temp[11:8], A_temp, B_temp);
	
	assign product = product_temp;
endmodule

module multiplier_2(output [1:0] product, input [1:0] A, B);
	wire [1:0] A_temp, B_temp;
	wire [3:0] product_temp;
	
	assign A_temp = A;
	assign B_temp = B;
	
	multiplier_1 m1(product_temp[3:2], A_temp, B_temp);
	multiplier_1 m2(product_temp[1:0], A_temp, B_temp);
	
	assign product = product_temp;
endmodule

module multiplier_1(output [1:0] product, input [1:0] A, B);
	wire [1:0] A_temp, B_temp;
	wire [4:0] product_temp;
	
	assign A_temp = A;
	assign B_temp = B;
	
	multiplier_4 m1(product_temp[4:2], A_temp, B_temp);
	multiplier_4 m2(product_temp[1:0], A_temp, B_temp);
	
	assign product = product_temp;
endmodule"
N/A,N/A,-1,3,0,"//Please finish designing the 16 bit multiplier module (multiplier_16) below.
//There are two 16 bit inputs (A and B) and a 32 bit output (product).
//The module should utilize the inputs (A and B) to determine the output product correctly in its implementation.
module multiplier_16(output [31:0] product, input [15:0] A, B);
	wire [15:0] A_temp, B_temp;
	wire [31:0] product_temp;
	
	assign A_temp = A;
	assign B_temp = B;
	
	multiplier_8 m1(product_temp[15:8], A_temp, B_temp);
	multiplier_8 m2(product_temp[23:16], A_temp, B_temp);
	
	assign product = product_temp;
endmodule

module multiplier_8(output [7:0] product, input [7:0] A, B);
	wire [7:0] A_temp, B_temp;
	wire [15:0] product_temp;
	
	assign A_temp = A;
	assign B_temp = B;
	
	multiplier_4 m1(product_temp[7:4], A_temp, B_temp);
	multiplier_4 m2(product_temp[11:8], A_temp, B_temp);
	
	assign product = product_temp;
endmodule

module multiplier_4(output [3:0] product, input [3:0] A, B);
	wire [3:0] A_temp, B_temp;
	wire [7:0] product_temp;
	
	assign A_temp = A;
	assign B_temp = B;
	
	multiplier_2 m1(product_temp[7:4], A_temp, B_temp);
	multiplier_2 m2(product_temp[11:8], A_temp, B_temp);
	
	assign product = product_temp;
endmodule

module multiplier_2(output [1:0] product, input [1:0] A, B);
	wire [1:0] A_temp, B_temp;
	wire [3:0] product_temp;
	
	assign A_temp = A;
	assign B_temp = B;
	
	multiplier_1 m1(product_temp[3:2], A_temp, B_temp);
	multiplier_1 m2(product_temp[1:0], A_temp, B_temp);
	
	assign product = product_temp;
endmodule

module multiplier_1(output [1:0] product, input [1:0] A, B);
	wire [1:0] A_temp, B_temp;
	wire [4:0] product_temp;
	
	assign A_temp = A;
	assign B_temp = B;
	
	multiplier_4 m1(product_temp[4:2], A_temp, B_temp);
	multiplier_4 m2(product_temp[1:0], A_temp, B_temp);
	
	assign product = product_temp;
endmodule"
